{"stats":{"minecraft:custom":{"minecraft:time_since_rest":2542,"minecraft:deaths":2,"minecraft:crouch_one_cm":2061,"minecraft:sprint_one_cm":384,"minecraft:play_time":42097,"minecraft:damage_taken":240,"minecraft:walk_one_cm":9383,"minecraft:sneak_time":951,"minecraft:interact_with_lectern":5,"minecraft:jump":35,"minecraft:leave_game":2,"minecraft:time_since_death":2506,"minecraft:sleep_in_bed":4,"minecraft:total_world_time":60344,"minecraft:fly_one_cm":51317},"minecraft:used":{"minecraft:calcite":18,"minecraft:soul_lantern":2,"minecraft:bedrock":13,"minecraft:orange_bed":2,"minecraft:lever":5,"minecraft:writable_book":2,"minecraft:daylight_detector":4,"minecraft:written_book":3,"minecraft:command_block":3,"minecraft:lectern":3,"minecraft:stone":21},"minecraft:picked_up":{"minecraft:writable_book":1}},"DataVersion":2865}