{"stats":{"minecraft:used":{"touchstonedst:touch_stone":26,"minecraft:stone":24},"minecraft:custom":{"minecraft:jump":63,"minecraft:time_since_rest":1588,"minecraft:damage_taken":240,"minecraft:crouch_one_cm":346,"minecraft:leave_game":28,"minecraft:play_time":22094,"minecraft:time_since_death":1557,"minecraft:walk_one_cm":1907,"minecraft:deaths":1,"minecraft:sneak_time":831,"minecraft:total_world_time":22754,"minecraft:interact_with_lectern":2,"minecraft:fly_one_cm":1805},"minecraft:picked_up":{"minecraft:written_book":2,"minecraft:soul_lantern":1}},"DataVersion":2865}